ID,Area,Chla,TNmean,TN5,TN95,TPmean,TP5,TP95,N_Load,N_EN,N_DE,N_Outflow,P_Load,P_EN,P_DE,P_Outflow
NLA12_AR-101,0.48,52.4,3.2,2.4,4.1,0.16,0.12,0.2,0.01667561,0.011208853,0.02048,0.008226966,0.002340976,0.001509826,0.00352,0.000411348
NLA12_AR-102,1.01,74,0.03,0.024,0.035,0.0034,0.0024,0.0044,0.001589116,0.016661278,0.000192,0.018307984,6.94E-05,0.002106816,7.48E-05,0.002074905
NLA12_AR-103,21.07,4.944,0.37,0.26,0.5,0.037,0.025,0.051,0.010706481,2.60E-05,0.002368,0.008282104,0.001639517,5.73E-06,0.000814,0.00082821
NLA12_AR-104,0.29,6.624,0.91,0.64,1.2,0.082,0.059,0.11,0.023025294,0.004508049,0.005824,0.021783473,0.002617059,0.001166761,0.001804,0.001962906
NLA12_AR-106,2.02,59.2,0.68,0.57,0.81,0.033,0.027,0.039,0.006764906,0.002592203,0.004352,0.005002646,0.000612431,0.000340599,0.000726,0.000242775
NLA12_CA-101,3.17,14,0.19,0.11,0.3,0.0095,0.0049,0.016,0.001510797,0.000507754,0.001235,0.000948083,6.68E-05,0.000121247,0.000152,4.74E-05
NLA12_CA-102,4.03,99,0.68,0.34,1.2,0.015,0.0045,0.032,0.005452399,0.000441215,0.00442,0.002042513,0.000216175,5.56E-05,0.00024,4.51E-05
NLA12_CA-103,4.76,0.2,0.058,0.036,0.084,0.007,0.0041,0.011,0.000618456,3.10E-06,0.0005336,9.79E-05,0.000206307,3.43E-07,0.000196,1.18E-05
NLA12_CA-104,1.17,2.2,0.049,0.031,0.075,0.0047,0.003,0.0068,0.000156851,0.000268097,0.0004508,2.43E-05,3.70E-05,8.68E-05,0.0001316,2.33E-06
NLA12_CA-106,0.63,176,0.33,0.26,0.4,0.035,0.026,0.046,0.000709091,0.020991806,0.002079,0.0192456,7.05E-05,0.002642132,0.000665,0.0020412
NLA12_CA-107,0.69,3.8,0.21,0.16,0.27,0.024,0.017,0.032,0.001121107,0.001303284,0.001932,0.000602321,0.000293238,0.000413652,0.000672,6.88E-05
NLA12_CA-108,0.32,9,0.51,0.17,1.1,0.02,0.0028,0.052,0.9966,0.005220123,0.003315,0.993260608,0.037962275,0.001922222,0.00032,0.038951396
NLA12_CA-111,0.78,3.2,0.092,0.022,0.24,0.0073,0.0026,0.016,0.013425149,0.000363983,0.000598,0.013347688,0.00078,0.000391234,0.0001168,0.00105911
NLA12_CA-112,0.31,3.4,0.17,0.047,0.41,0.016,0.008,0.028,0.018366667,0.001169349,0.001105,0.019499586,0.000887931,0.001201767,0.000256,0.001835255
NLA12_CA-116,0.16,1.4,0.25,0.14,0.41,0.027,0.012,0.046,0.000443284,0.00204007,0.0023,0.000451343,8.43E-05,0.000602911,0.000756,4.87E-05
NLA12_CA-121,3.56,2.8,0.39,0.14,0.75,0.0085,0.0019,0.02,0.004679665,1.44E-05,0.002535,0.002300291,0.000166217,1.69E-05,0.000136,5.01E-05
NLA12_CA-132,0.31,4,0.3,0.19,0.44,0.073,0.049,0.1,0.008423737,0.003341414,0.00276,0.008784,0.003170707,0.001050991,0.002044,0.00213744
NLA12_CA-135,2.37,3.8,0.067,0.048,0.092,0.0067,0.0045,0.0095,0.000429887,0.000239099,0.0006164,9.58E-05,0.000118383,7.59E-05,0.0001876,9.58E-06
NLA12_CA-154,0.29,3.3,1.4,0.93,2,0.31,0.17,0.51,0.047255556,0.00212691,0.00882,0.040744421,0.014045614,0.001202229,0.00589,0.009021979
NLA12_CA-156,0.44,31,0.051,0.039,0.065,0.0082,0.006,0.01,0.00303,0.027417222,0.0003213,0.029726676,0.00064625,0.00433812,0.0001558,0.004779583
NLA12_CA-157,1.2,3.4,0.73,0.28,1.5,0.052,0.023,0.1,0.004394304,0.000643882,0.004745,0.001397165,0.000123101,0.000661733,0.000832,9.95E-05
NLA12_CA-172,0.18,0.8,1,0.39,2,0.039,0.0082,0.094,0.007646809,0.000171589,0.0065,0.002941277,0.000284043,0.00019364,0.000624,0.00011471
NLA12_CA-188,1.41,13,0.17,0.063,0.37,0.0066,0.0028,0.013,0.000713378,0.000252523,0.001105,0.00012136,2.79E-05,6.43E-05,0.0001056,4.71E-06
NLA12_CA-190,0.58,33,2,1.1,3.2,0.098,0.051,0.17,0.011313084,0.010791565,0.013,0.010416449,0.00031028,0.001596852,0.001568,0.000510406
NLA12_CA-208,1.83,9,0.25,0.18,0.33,0.032,0.022,0.043,0.002475612,0.001005491,0.0023,0.001200839,0.000803934,0.000246623,0.000896,0.000153707
NLA12_CA-212,0.27,2,0.21,0.13,0.31,0.025,0.016,0.036,0.000532627,0.001588588,0.001932,0.000407471,0.000185593,0.000508658,0.0007,4.85E-05
NLA12_CA-223,0.38,0.8,0.28,0.2,0.36,0.032,0.019,0.048,0.004097073,0.000795136,0.002576,0.002490006,0.000923902,0.000188651,0.000896,0.000284572
NLA12_CO-101,10.65,12.667,0.42,0.31,0.57,0.028,0.021,0.035,0.000405514,0.000779414,0.001218,2.11E-06,0.000185723,0.000159538,0.000364,1.40E-07
NLA12_CO-103,5.89,4.768,0.15,0.11,0.2,0.012,0.0089,0.015,0.000298797,0.000134607,0.000435,1.21E-05,0.000119311,2.76E-05,0.000156,9.67E-07
NLA12_CO-104,0.76,218,4,3.2,5,0.25,0.19,0.32,0.007669432,0.009768298,0.0116,0.005734847,0.002061572,0.001450667,0.00325,0.000358428
NLA12_CO-105,0.36,101.3,2.2,1.2,3.7,0.1,0.062,0.16,0.001349167,0.020766648,0.02024,0.0038016,0.00024,0.002705483,0.0028,0.0001728
NLA12_CO-106,2.09,2.2,0.31,0.2,0.43,0.02,0.014,0.026,0.000354453,0.000549241,0.000899,6.06E-05,0.000145109,9.75E-05,0.00026,3.91E-06
NLA12_CO-107,0.48,1.224,0.3,0.23,0.38,0.032,0.019,0.048,0.003526247,0.000635066,0.00276,0.001476283,0.000835433,0.000179652,0.000896,0.00015747
NLA12_CO-109,0.51,5.993,0.52,0.37,0.7,0.052,0.035,0.073,0.002724926,0.002632723,0.004784,0.000879896,0.000769436,0.000745759,0.001456,8.80E-05
NLA12_CO-110,0.19,15.62,10,7.1,14,0.48,0.32,0.7,0.000744898,0.028969725,0.029,0.001763265,0.000244898,0.005826288,0.00624,8.46E-05
NLA12_CO-111,2.92,3.513333333,0.32,0.24,0.42,0.021,0.016,0.027,0.000590367,0.00041081,0.000928,0.000105265,0.00018789,8.09E-05,0.000273,6.91E-06
NLA12_CO-114,0.11,5.8,1.9,1.2,3,0.19,0.11,0.3,0.000344681,0.018456813,0.01748,0.002794213,0.000117021,0.005282389,0.00532,0.000279421
NLA12_CO-117,0.44,6.102857143,0.69,0.44,1,0.076,0.05,0.11,0.001572781,0.005315359,0.006348,0.001128824,0.000710651,0.001496898,0.002128,0.000124334
NLA12_CO-127,0.22,97.2,7.7,5.8,9.9,0.52,0.37,0.7,0.00042973,0.054906453,0.02233,0.032364973,0.000116216,0.00885759,0.00676,0.002185686
NLA12_CO-131,0.18,1.762857143,0.47,0.15,0.96,0.11,0.041,0.2,0.000191667,0.003404295,0.002961,0.001269,5.21E-05,0.001928834,0.00209,0.000297
NLA12_CO-133,0.13,1.104,0.42,0.27,0.62,0.059,0.031,0.093,0.003591071,0.001965139,0.003864,0.0020088,0.001275,0.00053525,0.001652,0.000282189
NLA12_ID-101,2.41,1.168,0.1,0.059,0.16,0.017,0.01,0.027,0.001127673,7.44E-05,0.00092,0.000276535,0.000508796,2.07E-05,0.000476,4.70E-05
NLA12_ID-102,0.6,1.432,0.086,0.056,0.12,0.013,0.0076,0.018,0.000844126,0.000799421,0.0007912,0.000898461,0.000217765,0.000237842,0.000364,0.000135814
NLA12_ID-103,2.94,3.562666667,0.26,0.17,0.36,0.035,0.022,0.05,0.00288677,0.000312571,0.002392,0.000834709,0.000977054,0.000100181,0.00098,0.000112365
NLA12_ID-105,0.48,2.824,0.23,0.16,0.33,0.026,0.017,0.038,0.000553986,0.001818125,0.002116,0.0004104,0.000142029,0.000594065,0.000728,4.64E-05
NLA12_ID-108,2.1,1.152,0.0062,0.0028,0.011,0.0019,0.00089,0.0033,0.000935236,6.50E-05,5.70E-05,0.000936771,0.000314253,1.80E-05,5.32E-05,0.000287075
NLA12_ID-110,1.06,4.88,0.14,0.091,0.21,0.026,0.012,0.05,0.044598425,0.004529734,0.000882,0.048241134,0.00747874,0.002121481,0.000494,0.008959068
NLA12_ID-111,2.35,12.24,0.96,0.57,1.5,0.08,0.043,0.13,0.009223065,0.000732065,0.006048,0.00421855,0.00163914,0.000180495,0.00152,0.000351546
NLA12_ID-112,0.23,2.024,0.18,0.12,0.26,0.037,0.025,0.051,0.00333806,0.002826862,0.001656,0.004479904,0.000986567,0.000906669,0.001036,0.000920869
NLA12_ID-122,5.96,45.68,0.37,0.22,0.58,0.031,0.018,0.049,0.002293315,0.000566981,0.002331,0.000795837,0.000549322,8.14E-05,0.000589,6.67E-05
NLA12_ID-141,0.73,1.264,0.21,0.13,0.3,0.035,0.021,0.054,0.002696486,0.00039803,0.001932,0.001185447,0.001041054,0.000113851,0.00098,0.000197574
NLA12_ID-143,0.24,5.76,1.5,1.1,2.1,0.22,0.15,0.32,0.007437736,0.006501332,0.00945,0.005135094,0.002000943,0.00273176,0.00418,0.000753147
NLA12_ID-145,0.23,0.441142857,0.24,0.16,0.35,0.039,0.024,0.057,0.002989308,0.000580404,0.002208,0.001408483,0.001113836,0.000101224,0.001092,0.000228878
NLA12_ID-148,0.26,5.546666667,0.29,0.18,0.43,0.056,0.031,0.091,7.49E-05,0.00276959,0.001827,0.001153205,3.01E-05,0.001194021,0.001064,0.000222688
NLA12_ID-165,0.22,4.056,0.15,0.088,0.24,0.034,0.021,0.053,0.009226619,0.004810502,0.00138,0.012447194,0.002356835,0.001509083,0.000952,0.002821364
NLA12_ID-166,0.26,2.456,3.6,2,5.9,0.57,0.25,1,0.387179167,0.003491802,0.02268,0.371088,0.068361111,0.002075353,0.01083,0.0587556
NLA12_ID-168,0.96,1.296,0.17,0.12,0.23,0.041,0.026,0.062,0.00499297,0.000365714,0.001564,0.00365198,0.001970014,0.000105484,0.001148,0.000880772
NLA12_ID-175,0.32,24.48,1.2,0.9,1.6,0.19,0.13,0.28,0.018235377,0.009495934,0.00756,0.020051321,0.005341038,0.001631449,0.00361,0.003174792
NLA12_ID-194,0.59,31.36,1.4,1,2,0.2,0.12,0.3,0.024295789,0.01158655,0.00882,0.026101895,0.005715789,0.001826807,0.0038,0.003728842
NLA12_ID-203,0.21,22.29333333,1.7,0.9,2.9,0.11,0.067,0.17,0.00132377,0.014558175,0.01564,0.001926295,0.000568852,0.002576476,0.00308,0.000124643
NLA12_ID-207,0.28,5.448,0.41,0.27,0.59,0.069,0.045,0.1,0.008570253,0.005255513,0.003772,0.009999433,0.002131013,0.001532947,0.001932,0.001682831
NLA12_ID-210,0.24,0.384,0.16,0.09,0.25,0.013,0.0044,0.027,0.000987429,0.00046099,0.001472,0.000236983,0.000211429,7.44E-05,0.000364,1.93E-05
NLA12_ID-214,3.05,8.72,0.77,0.49,1.1,0.11,0.055,0.19,0.009591689,0.000151069,0.004851,0.005049364,0.002735831,4.71E-05,0.00209,0.000721338
NLA12_ID-216,0.33,86.56,2.3,1.7,3,0.24,0.17,0.33,0.014564423,0.025540663,0.01449,0.025795385,0.003846154,0.00335208,0.00456,0.002691692
NLA12_MT-102,1.25,0.884571429,0.32,0.21,0.45,0.042,0.028,0.06,0.003334434,0.000168997,0.002944,0.000678158,0.001224528,4.20E-05,0.001176,8.90E-05
NLA12_MT-103,0.61,3.296,3,2.4,3.8,0.51,0.38,0.68,0.018151515,0.00530435,0.0087,0.014452364,0.008073939,0.001032886,0.00663,0.002456902
NLA12_MT-104,5.47,0.637333333,0.31,0.17,0.47,0.043,0.027,0.061,0.001460081,9.15E-05,0.000899,0.000659508,0.000625479,9.90E-06,0.000559,9.15E-05
NLA12_MT-105,0.71,1.014,0.18,0.12,0.26,0.045,0.021,0.078,0.006738767,0.000404476,0.001656,0.005321072,0.002541352,0.000106514,0.00126,0.001330268
NLA12_MT-106,6.02,0.464,0.061,0.036,0.095,0.0036,0.0024,0.0053,9.62E-05,6.76E-05,0.0001769,4.39E-06,3.50E-05,6.22E-06,4.68E-05,2.59E-07
NLA12_MT-107,0.36,6.616,4.7,2.5,8.7,0.24,0.16,0.34,0.010836,0.008872246,0.01363,0.006172416,0.0014328,0.001850751,0.00312,0.000315187
NLA12_MT-108,0.17,8.56,6.2,5.1,7.3,0.65,0.51,0.82,0.007620455,0.027287919,0.01798,0.017044364,0.004388636,0.0056937,0.00845,0.001786909
NLA12_MT-109,14.01,5.237333333,0.097,0.07,0.13,0.012,0.0071,0.02,0.000171126,0.000105218,0.0002813,4.72E-06,0.000133971,2.17E-05,0.000156,5.84E-07
NLA12_MT-111,13.06,1.134,0.036,0.021,0.056,0.0044,0.0025,0.0068,0.000347945,4.95E-06,0.0003312,3.00E-05,0.000124464,1.36E-06,0.0001232,3.67E-06
NLA12_MT-113,1.68,0.60020141,0.035,0.015,0.06,0.0053,0.0027,0.0083,0.000366197,0.000770008,0.0001015,0.001167541,0.000135915,8.09E-05,6.89E-05,0.000176799
NLA12_MT-118,0.5,13.28,5.6,4.1,7.6,0.78,0.44,1.3,0.010379904,0.006508134,0.01624,0.001157512,0.008779904,0.001327365,0.01014,0.000161225
NLA12_MT-124,1.23,0.742,0.13,0.074,0.21,0.012,0.0051,0.022,0.00127351,6.20E-05,0.001196,0.000165042,0.000326449,1.42E-05,0.000336,1.52E-05
NLA12_MT-126,0.18,1.572,3.6,2.5,4.9,0.4,0.29,0.5,0.012469841,0.010460425,0.01044,0.012836571,0.004612698,0.00167122,0.0052,0.001426286
NLA12_MT-136,6.89,0.684,0.035,0.024,0.05,0.0042,0.0027,0.006,0.000331283,8.01E-06,0.000322,3.30E-05,0.000118769,1.76E-06,0.0001176,3.96E-06
NLA12_MT-140,0.16,0.338,0.11,0.052,0.21,0.011,0.0041,0.028,0.000335714,0.000508959,0.001012,4.75E-05,0.000122857,7.64E-05,0.000308,4.75E-06
NLA12_MT-143,0.27,0.63,1.9,0.57,3.6,0.097,0.032,0.2,0.000654054,0.006039176,0.00551,0.002218378,0.000381081,0.000649744,0.001261,0.000113254
NLA12_MT-144,0.97,5,0.88,0.59,1.2,0.12,0.07,0.2,8.35E-05,0.002743022,0.002552,0.000370888,0.000984553,0.000563838,0.00156,5.06E-05
NLA12_MT-154,0.6,35.77142857,0.47,0.39,0.57,0.067,0.053,0.08,0.001479006,0.009478133,0.001363,0.009512592,0.000558564,0.001731374,0.000871,0.00135605
NLA12_MT-156,0.73,1.346666667,0.078,0.039,0.14,0.051,0.016,0.11,0.000267486,0.000353577,0.0002262,0.000420526,0.000883029,5.34E-05,0.000663,0.000274959
NLA12_MT-160,0.68,30.312,0.42,0.33,0.52,0.12,0.075,0.18,0.013672973,0.00896225,0.001218,0.021439343,0.006218919,0.001672003,0.00156,0.006125526
NLA12_MT-161,2.04,5.32,0.69,0.54,0.86,0.064,0.05,0.079,0.001010873,0.001841954,0.002001,0.000892646,0.000494652,0.000380393,0.000832,8.28E-05
NLA12_MT-162,0.25,1.624,0.3,0.2,0.43,0.057,0.03,0.096,0.003749756,0.001523177,0.00276,0.002667863,0.001606341,0.000468578,0.001596,0.000506894
NLA12_MT-164,0.82,1.782,0.093,0.069,0.12,0.015,0.011,0.019,0.000717358,0.000639563,0.0008556,0.000551851,0.000277925,0.000200785,0.00042,8.90E-05
NLA12_MT-177,0.15,2.197333333,4.2,3.1,5.4,0.86,0.61,1.2,0.03118,0.018802725,0.01218,0.0381024,0.0155475,0.00333785,0.01118,0.00780192
NLA12_NM-104,0.26,4.52,0.47,0.26,0.75,0.15,0.073,0.3,0.000216578,0.00282146,0.002961,0.000456026,0.001491979,0.001382999,0.00285,0.00014554
NLA12_NM-105,3.08,8.586666667,0.39,0.27,0.54,0.04,0.023,0.067,1.53E-05,0.001073983,0.001131,1.81E-05,0.000280518,0.000224075,0.00052,1.85E-06
NLA12_NM-117,0.24,4.658333333,0.75,0.41,1.3,0.071,0.041,0.11,1.06E-05,0.006030595,0.0069,0,5.45E-05,0.001835199,0.001988,0
NLA12_NM-132,0.37,23.521,1.4,0.65,2.5,0.21,0.098,0.41,0.000626316,0.010590134,0.01288,0.000424421,0.004067836,0.001843477,0.00588,6.37E-05
NLA12_NM-134,0.62,1.83,0.14,0.05,0.27,0.03,0.013,0.055,2.92E-05,0.000686621,0.000882,1.45E-05,8.44E-05,0.000393134,0.00057,3.11E-06
NLA12_NM-138,0.13,1.915,0.52,0.072,1.5,0.32,0.09,0.77,0.000496296,0.003014245,0.003796,0.0015808,0.003283333,0.00245466,0.00512,0.0009728
NLA12_NM-152,0.3,12.88,5.5,3.9,7.5,0.35,0.24,0.5,7.91E-05,0.015686318,0.01595,0.000552558,0.001246512,0.003206838,0.00455,3.52E-05
NLA12_NM-160,3.85,3.28,0.12,0.072,0.18,0.018,0.0076,0.039,3.00E-05,0.000301268,0.000348,1.43E-06,0.000172379,5.86E-05,0.000234,2.15E-07
NLA12_NM-162,0.14,1.93,0.35,0.19,0.54,0.099,0.058,0.15,0.000408333,0.00605802,0.00322,0.0036288,0.00173,0.001929263,0.002772,0.001026432
NLA12_NV-101,2.12,6.528,1,0.65,1.5,0.13,0.076,0.2,0.008397231,0.001207226,0.0063,0.003562338,0.002366923,0.000464473,0.00247,0.000463104
NLA12_NV-103,0.5,0.334,0.53,0.34,0.78,0.13,0.051,0.23,0.092804,0.000134287,0.003339,0.089385984,0.02376,2.57E-05,0.00247,0.021924864
NLA12_NV-105,1.98,4.305882353,0.52,0.33,0.76,0.096,0.054,0.15,0.004761744,0.000392019,0.003276,0.002128168,0.001957031,0.000197408,0.001824,0.000392893
NLA12_NV-106,0.37,3.84,2.2,1.3,3.2,0.37,0.21,0.59,0.003584615,0.011191494,0.01386,0.002924308,0.000812821,0.005965829,0.00703,0.000491815
NLA12_NV-127,0.22,1.815,0.39,0.17,0.73,0.072,0.031,0.13,0.000342268,0.001750578,0.002457,0.000104214,0.000139175,0.001000108,0.001368,1.92E-05
NLA12_NV-137,0.65,4.288,1.2,0.79,1.7,0.21,0.12,0.33,0.016914667,0.00110366,0.00756,0.01103616,0.005228444,0.000557013,0.00399,0.001931328
NLA12_NV-177,0.32,1.771428571,0.27,0.15,0.43,0.043,0.023,0.07,0.000757143,0.000810124,0.001701,0.000183866,0.000259113,0.000459663,0.000817,2.93E-05
NLA12_NV-193,0.48,2.064,0.21,0.14,0.3,0.024,0.016,0.034,0.000696815,0.001226942,0.001932,0.000167572,0.000248726,0.000394548,0.000672,1.92E-05
NLA12_OR-101,1.59,6.492957746,0.42,0.28,0.61,0.049,0.028,0.083,0.002246795,0.001250678,0.002646,0.001093292,0.000527724,0.000483052,0.000931,0.000127551
NLA12_OR-102,1.08,11.28,0.27,0.15,0.43,0.084,0.034,0.16,0.016499067,0.002389538,0.001701,0.017361081,0.006486381,0.000621754,0.001596,0.005401225
NLA12_OR-103,2.17,0.701333333,0.11,0.078,0.15,0.019,0.013,0.027,0.001792622,5.77E-05,0.001012,0.000774725,0.000657338,1.29E-05,0.000532,0.000133816
NLA12_OR-104,26.69,2.821333333,0.13,0.053,0.24,0.021,0.0069,0.047,0.002495345,1.16E-05,0.000767,0.001747618,0.000870583,1.01E-05,0.000588,0.000282308
NLA12_OR-105,5.33,3.744,0.22,0.13,0.33,0.032,0.018,0.05,0.002808324,6.93E-05,0.002024,0.000860075,0.001012878,2.21E-05,0.000896,0.000125102
NLA12_OR-106,0.59,0.997894737,0.13,0.069,0.2,0.017,0.0091,0.028,0.00229625,9.28E-05,0.001196,0.00122148,0.000607731,2.43E-05,0.000476,0.000159732
NLA12_OR-110,0.55,3.71967655,0.18,0.14,0.22,0.028,0.02,0.037,0.001196667,0.00139011,0.001656,0.001064448,0.000484444,0.000442729,0.000784,0.000165581
NLA12_OR-112,5.83,8.114285714,0.47,0.31,0.66,0.075,0.042,0.12,0.005968241,0.000146222,0.004324,0.002002925,0.002414926,3.73E-05,0.0021,0.000319616
NLA12_OR-113,2.21,1.624,0.14,0.096,0.19,0.023,0.014,0.034,0.001651185,6.49E-05,0.001288,0.000462465,0.000698025,2.00E-05,0.000644,7.60E-05
NLA12_OR-128,13.77,5.323076923,0.014,0.0087,0.022,0.0015,0.00092,0.0023,0.000116376,1.63E-05,0.0001288,6.27E-06,3.80E-05,4.79E-06,4.20E-05,6.72E-07
NLA12_OR-133,0.14,1.424,0.026,0.011,0.049,0.0081,0.003,0.014,0.000845833,0.01156638,0.0002392,0.0130572,0.000366667,0.003435566,0.0002268,0.00406782
NLA12_OR-145,0.36,2.711111111,0.26,0.088,0.56,0.056,0.025,0.1,0.001194624,0.001742515,0.001534,0.002367174,0.000389247,0.001556974,0.001568,0.000509853
NLA12_OR-154,2.67,2.392,0.34,0.18,0.55,0.053,0.021,0.099,0.00455798,7.23E-05,0.003128,0.001706629,0.00175697,2.36E-05,0.001484,0.000266033
NLA12_OR-155,0.64,15.776,0.47,0.34,0.61,0.075,0.043,0.12,0.004538689,0.005054184,0.004324,0.005551979,0.002020328,0.001004674,0.0021,0.000885954
NLA12_OR-169,3.29,0.428,0.11,0.017,0.3,0.017,0.0039,0.041,0.00169976,4.82E-07,0.000649,0.001081681,0.000621485,4.17E-07,0.000476,0.000167169
NLA12_UT-101,1.1,3.586666667,0.13,0.087,0.18,0.013,0.0094,0.018,0.000625369,0.000471697,0.001196,1.39E-05,0.000213499,0.000151041,0.000364,1.39E-06
NLA12_UT-103,0.51,6.353333333,0.56,0.36,0.8,0.075,0.044,0.12,0.007474581,0.000515676,0.005152,0.002770592,0.002333743,0.000143322,0.0021,0.000371061
NLA12_UT-104,39.39,2,0.036,0.018,0.064,0.0032,0.0016,0.0055,0.000196316,7.88E-06,0.0002268,1.21E-05,5.32E-05,4.61E-06,6.08E-05,1.07E-06
NLA12_UT-108,1.6,6,1.7,1.1,2.3,0.21,0.13,0.3,0.016341776,0.001460422,0.01564,0.002947263,0.005807237,0.000413533,0.00588,0.000364074
NLA12_UT-109,0.32,33.6,0.57,0.4,0.76,0.11,0.069,0.17,0.000366871,0.013792394,0.003591,0.010574724,0.001981595,0.002130875,0.00209,0.002040736
NLA12_UT-160,0.21,0.704,0.88,0.59,1.2,0.19,0.1,0.3,0.018602151,0.000507137,0.005544,0.013898323,0.00634086,0.000171656,0.00361,0.003000774
NLA12_UT-169,0.28,1.56,0.36,0.2,0.6,0.037,0.019,0.059,0.000691912,0.002215179,0.003312,0,0.000244853,0.000674703,0.001036,0
NLA12_UT-173,0.69,2.392,0.24,0.072,0.56,0.081,0.029,0.16,0.003606108,0.000131387,0.001512,0.002191291,0.002180216,7.81E-05,0.001539,0.000739561
NLA12_UT-196,0.28,1.34,1.6,1.1,2.3,0.28,0.15,0.45,0.028561538,0.002526427,0.01472,0.015950769,0.009718269,0.000736616,0.00784,0.002791385
NLA12_UT-210,0.1,2.72,2.3,1.7,3,0.44,0.31,0.6,0.03750303,0.014743033,0.02116,0.031313455,0.013427273,0.00482043,0.01232,0.0059904
NLA12_UT-229,0.31,3.516,0.64,0.35,1.1,0.064,0.037,0.1,0.000115254,0.005072784,0.005888,0,4.66E-05,0.001628742,0.001792,0
NLA12_UT-324,0.37,1.850666667,0.34,0.23,0.5,0.039,0.027,0.054,0.00128,0.00175201,0.003128,0.000161568,0.0004775,0.000553974,0.001092,1.85E-05
NLA12_UT-325,2.13,4.48,0.24,0.16,0.33,0.03,0.019,0.042,0.002953086,0.000121525,0.002208,0.000881542,0.000903626,3.73E-05,0.00084,0.000110193
NLA12_UT-343,0.71,0.3148,0.06,0.038,0.092,0.0067,0.0038,0.012,0.000320882,0.000154244,0.000552,1.20E-06,0.000128074,2.22E-05,0.0001876,1.34E-07
NLA12_UT-359,0.36,173.2,3.7,2.1,5.8,0.23,0.14,0.37,0.00905,0.020666582,0.02331,0.009065552,0.001951493,0.002602687,0.00437,0.000563534
NLA12_UT-400,0.1,10.24,1.2,0.82,1.6,0.25,0.16,0.36,0.005619048,0.014122142,0.00756,0.013083429,0.003335714,0.003925902,0.00475,0.002725714
NLA12_WA-103,4.1,1.770666667,0.13,0.056,0.25,0.014,0.0049,0.031,0.001431801,2.72E-05,0.000767,0.000777687,0.000439081,2.79E-05,0.000392,8.38E-05
NLA12_WA-106,0.8,36.64,0.23,0.16,0.31,0.023,0.016,0.031,0.000695976,0.004175916,0.002116,0.002766886,0.000275453,0.000644799,0.000644,0.000276689
NLA12_WA-107,1.03,42.88,0.27,0.14,0.46,0.054,0.017,0.12,0.016196761,0.00254864,0.001593,0.01699507,0.004617659,0.000334933,0.001512,0.003399014
NLA12_WA-108,1.16,3.701333333,0.3,0.21,0.42,0.032,0.018,0.053,0.003679127,0.000734845,0.00276,0.00162917,0.000846816,0.000234216,0.000896,0.000173778
NLA12_WA-111,0.73,1.568,0.23,0.15,0.32,0.034,0.021,0.052,0.002343249,0.000273791,0.001449,0.00131443,0.000649315,0.000149008,0.000646,0.000194307
NLA12_WA-112,0.21,45.33333333,0.59,0.39,0.8,0.045,0.029,0.064,0.000481026,0.011206001,0.005428,0.006587668,0.000113846,0.001651072,0.00126,0.000502449
NLA12_WA-116,0.42,4.432,0.72,0.41,1.2,0.069,0.041,0.11,0.00248125,0.001696998,0.004536,0.000286484,0.000378618,0.000841114,0.001311,2.75E-05
NLA12_WA-120,0.2,1.4868,0.35,0.17,0.59,0.081,0.045,0.13,0.000251807,0.003476854,0.00322,0.000910843,0.001277108,0.001045514,0.002268,0.000210795
NLA12_WA-121,0.15,4.986666667,0.92,0.42,1.6,0.15,0.082,0.24,0.004117241,0.007124485,0.005428,0.007811752,0.001289655,0.004077638,0.0042,0.001273655
NLA12_WA-124,0.33,41.84,1.7,0.86,3,0.1,0.058,0.17,0.000502577,0.012267146,0.01071,0.003558433,0.00015,0.001793262,0.0019,0.00020932
NLA12_WA-126,0.12,6.331428571,0.76,0.55,1,0.12,0.082,0.18,0.01067069,0.015877941,0.006992,0.019585986,0.002362069,0.004418013,0.00336,0.003092524
NLA12_WA-131,0.1,2.176,0.63,0.27,1.1,0.13,0.058,0.22,0.000340323,0.003470734,0.003969,0.000526761,0.000120968,0.002052167,0.00247,0.000108697
NLA12_WA-133,0.22,9.92,0.87,0.53,1.3,0.11,0.064,0.17,0.003640426,0.010663516,0.005133,0.010155677,0.001221277,0.003139468,0.00308,0.001284051
NLA12_WA-138,0.18,3.136,0.5,0.16,1.1,0.093,0.044,0.17,0.001311111,0.003241999,0.00295,0.003291429,0.000360317,0.002669613,0.002604,0.000612206
NLA12_WA-141,0.44,2.453333333,0.2,0.071,0.44,0.024,0.011,0.046,0.00055709,0.000514874,0.00118,0.000425552,0.000175373,0.000481651,0.000672,5.11E-05
NLA12_WA-151,17.56,0.652,0.071,0.045,0.1,0.0074,0.0049,0.01,0.001094868,3.81E-06,0.0006532,0.000437091,0.000254428,8.19E-07,0.0002072,4.56E-05
NLA12_WA-157,0.22,1.744,0.14,0.041,0.3,0.042,0.017,0.078,0.003876852,0.000731088,0.000826,0.0046256,0.001677778,0.000753317,0.001176,0.00138768
NLA12_WY-101,0.14,0.519,0.39,0.2,0.71,0.032,0.012,0.076,0.001461667,0.000515941,0.002457,0.00011232,0.000256667,0.000139163,0.000608,9.22E-06
NLA12_WY-103,19.61,0.54,0.11,0.063,0.17,0.016,0.0088,0.025,0.001035722,8.58E-06,0.000693,0.000426308,0.000352703,2.39E-06,0.000304,6.20E-05
NLA12_WY-104,12.68,1.02,0.0096,0.0047,0.016,0.0046,0.0018,0.0093,6.37E-06,1.90E-05,2.78E-05,3.38E-07,5.56E-05,2.56E-06,5.98E-05,1.62E-07
NLA12_WY-107,0.49,3.44,3.8,2.5,5.4,0.87,0.47,1.4,0.292902069,0.006129771,0.01102,0.290506593,0.077844828,0.001202531,0.01131,0.06651072
NLA12_WY-115,1.77,2.168,0.17,0.091,0.28,0.02,0.012,0.031,0.001244098,8.78E-05,0.001071,0.000372618,0.000346598,5.19E-05,0.00038,4.38E-05
NLA12_WY-116,0.11,0,0.25,0.15,0.35,0.049,0.031,0.07,0.005541818,0,0.0023,0.003259636,0.002047273,0,0.001372,0.000638889
NLA12_WY-120,1.73,2.356,0.22,0.14,0.31,0.033,0.017,0.055,0.002798417,0.000133892,0.002024,0.00105659,0.001061421,4.36E-05,0.000924,0.000158488
NLA12_WY-124,106.11,0.524,0.07,0.047,0.098,0.0084,0.0054,0.012,0.000749316,1.01E-06,0.000644,0.000132654,0.000251021,1.94E-07,0.0002352,1.59E-05
NLA12_WY-130,0.2,5.408,1.4,0.72,2.3,0.19,0.092,0.34,0.000125843,0.007237112,0.00882,0.00013591,3.26E-05,0.003173362,0.00361,1.84E-05
NLA12_WY-131,0.78,2.36,0.54,0.22,1,0.17,0.075,0.29,0.018204086,0.000513779,0.003402,0.015321228,0.007688172,0.000305343,0.00323,0.00482335
NLA12_WY-137,0.17,0.829333333,0.14,0.075,0.25,0.026,0.011,0.049,0.003332258,0.000952757,0.000882,0.003745858,0.000583871,0.000362037,0.000494,0.000695659
NLA12_WY-151,2.67,2.96,0.054,0.034,0.084,0.0047,0.0025,0.008,0.000381344,0.000100093,0.0004968,1.09E-05,9.70E-05,3.26E-05,0.0001316,9.51E-07
